<?xml version="1.0" encoding="UTF-8" standalone="yes"?>
<manifest>
  <control namespace="XmlTransformationWithXslt" constructor="XmlTransformComponent" version="0.0.1" display-name-key="XmlTransformComponent" description-key="XmlTransformComponent description" control-type="standard" api-version="1.3.12">
    <external-service-usage enabled="false"/>
    <property name="functionName" display-name-key="functionName" description-key="functionName" of-type="Enum" usage="input" required="true">
      <value name="XmlTransformFromXslt(strXml,StrXslt)" display-name-key="XmlTransformFromXslt(strXml,StrXslt)" description-key="Transform the XML based on XSLT">XmlTransformFromXslt</value>
    </property>
    <property name="InputXML" display-name-key="InputXML" description-key="InputXML" of-type-group="types" of-type="Multiple" usage="input" required="false"/>
    <property name="InputXslt" display-name-key="InputXslt" description-key="InputXslt" of-type-group="types" of-type="Multiple" usage="input" required="false"/>
    <property name="OutputXML" display-name-key="OutputXML" description-key="OutputXML" of-type-group="types" of-type="Multiple" usage="output" required="false"/>
    <type-group name="types">
      <type>SingleLine.Text</type>
      <type>Multiple</type>
      <type>Whole.None</type>
      <type>Currency</type>
      <type>FP</type>
      <type>Decimal</type>
      <type>DateAndTime.DateAndTime</type>
      <type>TwoOptions</type>
      <type>OptionSet</type>
    </type-group>
    <resources>
      <code path="bundle.js" order="1"/>
    </resources>
    <built-by name="pac" version="1.31.2"/>
  </control>
</manifest>